Term,RawFrequency,RelativeFrequency,ZScore,ZScoreRatio
ond,53.0,25954.947,14.304166,-61.299244
ða,44.0,21547.502,11.788057,-50.516685
þæt,37.0,18119.49,9.831084,-42.13025
ðam,27.0,13222.331,7.0354085,-30.149626
se,22.0,10773.751,5.6375704,-24.159313
þa,22.0,10773.751,5.6375704,-24.159313
hie,19.0,9304.604,4.798867,-20.565125
þe,17.0,8325.172,4.2397323,-18.169
swa,14.0,6856.0234,3.4010293,-14.574813
þæs,14.0,6856.0234,3.4010293,-14.574813
hyre,12.0,5876.5913,2.8418941,-12.178688
mid,12.0,5876.5913,2.8418941,-12.178688
mægð,10.0,4897.1597,2.282759,-9.782563
wæs,10.0,4897.1597,2.282759,-9.782563
gumena,9.0,4407.4434,2.0031912,-8.5845
heo,9.0,4407.4434,2.0031912,-8.5845
hi,9.0,4407.4434,2.0031912,-8.5845
ne,9.0,4407.4434,2.0031912,-8.5845
seo,9.0,4407.4434,2.0031912,-8.5845
wearð,9.0,4407.4434,2.0031912,-8.5845
hyra,8.0,3917.7275,1.7236235,-7.386437
ic,8.0,3917.7275,1.7236235,-7.386437
wæron,8.0,3917.7275,1.7236235,-7.386437
æt,8.0,3917.7275,1.7236235,-7.386437
ðæs,8.0,3917.7275,1.7236235,-7.386437
iudith,7.0,3428.0117,1.4440559,-6.1883745
ðe,7.0,3428.0117,1.4440559,-6.1883745
ealle,6.0,2938.2957,1.1644883,-4.9903126
forð,6.0,2938.2957,1.1644883,-4.9903126
ge,6.0,2938.2957,1.1644883,-4.9903126
hyne,6.0,2938.2957,1.1644883,-4.9903126
hæleð,6.0,2938.2957,1.1644883,-4.9903126
ys,6.0,2938.2957,1.1644883,-4.9903126
þone,6.0,2938.2957,1.1644883,-4.9903126
þurh,6.0,2938.2957,1.1644883,-4.9903126
þær,6.0,2938.2957,1.1644883,-4.9903126
dryhten,5.0,2448.5798,0.88492066,-3.7922497
eac,5.0,2448.5798,0.88492066,-3.7922497
ealdor,5.0,2448.5798,0.88492066,-3.7922497
eow,5.0,2448.5798,0.88492066,-3.7922497
god,5.0,2448.5798,0.88492066,-3.7922497
het,5.0,2448.5798,0.88492066,-3.7922497
holofernus,5.0,2448.5798,0.88492066,-3.7922497
hu,5.0,2448.5798,0.88492066,-3.7922497
mode,5.0,2448.5798,0.88492066,-3.7922497
stopon,5.0,2448.5798,0.88492066,-3.7922497
swegles,5.0,2448.5798,0.88492066,-3.7922497
swylce,5.0,2448.5798,0.88492066,-3.7922497
syððan,5.0,2448.5798,0.88492066,-3.7922497
wið,5.0,2448.5798,0.88492066,-3.7922497
þam,5.0,2448.5798,0.88492066,-3.7922497
þearle,5.0,2448.5798,0.88492066,-3.7922497
ac,4.0,1958.8638,0.60535306,-2.5941873
ahte,4.0,1958.8638,0.60535306,-2.5941873
byrig,4.0,1958.8638,0.60535306,-2.5941873
ende,4.0,1958.8638,0.60535306,-2.5941873
eodon,4.0,1958.8638,0.60535306,-2.5941873
fagum,4.0,1958.8638,0.60535306,-2.5941873
geleafan,4.0,1958.8638,0.60535306,-2.5941873
heafod,4.0,1958.8638,0.60535306,-2.5941873
ides,4.0,1958.8638,0.60535306,-2.5941873
oðþæt,4.0,1958.8638,0.60535306,-2.5941873
somod,4.0,1958.8638,0.60535306,-2.5941873
weras,4.0,1958.8638,0.60535306,-2.5941873
wiggend,4.0,1958.8638,0.60535306,-2.5941873
ær,4.0,1958.8638,0.60535306,-2.5941873
ðær,4.0,1958.8638,0.60535306,-2.5941873
ðære,4.0,1958.8638,0.60535306,-2.5941873
acwæð,3.0,1469.1478,0.32578546,-1.396125
baldor,3.0,1469.1478,0.32578546,-1.396125
beorhtan,3.0,1469.1478,0.32578546,-1.396125
bliðe,3.0,1469.1478,0.32578546,-1.396125
cwicera,3.0,1469.1478,0.32578546,-1.396125
eallum,3.0,1469.1478,0.32578546,-1.396125
ebrea,3.0,1469.1478,0.32578546,-1.396125
folc,3.0,1469.1478,0.32578546,-1.396125
fromlice,3.0,1469.1478,0.32578546,-1.396125
frymða,3.0,1469.1478,0.32578546,-1.396125
golde,3.0,1469.1478,0.32578546,-1.396125
helmas,3.0,1469.1478,0.32578546,-1.396125
hlude,3.0,1469.1478,0.32578546,-1.396125
hæfde,3.0,1469.1478,0.32578546,-1.396125
hæfdon,3.0,1469.1478,0.32578546,-1.396125
idese,3.0,1469.1478,0.32578546,-1.396125
inne,3.0,1469.1478,0.32578546,-1.396125
læg,3.0,1469.1478,0.32578546,-1.396125
mihte,3.0,1469.1478,0.32578546,-1.396125
miltse,3.0,1469.1478,0.32578546,-1.396125
nu,3.0,1469.1478,0.32578546,-1.396125
næs,3.0,1469.1478,0.32578546,-1.396125
ofstum,3.0,1469.1478,0.32578546,-1.396125
reste,3.0,1469.1478,0.32578546,-1.396125
rica,3.0,1469.1478,0.32578546,-1.396125
snude,3.0,1469.1478,0.32578546,-1.396125
swyrdum,3.0,1469.1478,0.32578546,-1.396125
word,3.0,1469.1478,0.32578546,-1.396125
wuldor,3.0,1469.1478,0.32578546,-1.396125
wundenlocc,3.0,1469.1478,0.32578546,-1.396125
ædre,3.0,1469.1478,0.32578546,-1.396125
æfter,3.0,1469.1478,0.32578546,-1.396125
ðone,3.0,1469.1478,0.32578546,-1.396125
þære,3.0,1469.1478,0.32578546,-1.396125
aldre,2.0,979.4319,0.04621783,-0.19806245
assiria,2.0,979.4319,0.04621783,-0.19806245
aweccan,2.0,979.4319,0.04621783,-0.19806245
bealofullan,2.0,979.4319,0.04621783,-0.19806245
bearn,2.0,979.4319,0.04621783,-0.19806245
bebead,2.0,979.4319,0.04621783,-0.19806245
bedde,2.0,979.4319,0.04621783,-0.19806245
beornas,2.0,979.4319,0.04621783,-0.19806245
bethuliam,2.0,979.4319,0.04621783,-0.19806245
biddan,2.0,979.4319,0.04621783,-0.19806245
blodig,2.0,979.4319,0.04621783,-0.19806245
blæd,2.0,979.4319,0.04621783,-0.19806245
bord,2.0,979.4319,0.04621783,-0.19806245
brego,2.0,979.4319,0.04621783,-0.19806245
brytta,2.0,979.4319,0.04621783,-0.19806245
byrnan,2.0,979.4319,0.04621783,-0.19806245
cumbolwigan,2.0,979.4319,0.04621783,-0.19806245
cumen,2.0,979.4319,0.04621783,-0.19806245
cynerofe,2.0,979.4319,0.04621783,-0.19806245
cynnes,2.0,979.4319,0.04621783,-0.19806245
cyðan,2.0,979.4319,0.04621783,-0.19806245
deaðe,2.0,979.4319,0.04621783,-0.19806245
dema,2.0,979.4319,0.04621783,-0.19806245
dobbie,2.0,979.4319,0.04621783,-0.19806245
dom,2.0,979.4319,0.04621783,-0.19806245
druncen,2.0,979.4319,0.04621783,-0.19806245
dæl,2.0,979.4319,0.04621783,-0.19806245
eal,2.0,979.4319,0.04621783,-0.19806245
ealde,2.0,979.4319,0.04621783,-0.19806245
ealles,2.0,979.4319,0.04621783,-0.19806245
eaðost,2.0,979.4319,0.04621783,-0.19806245
ebrisce,2.0,979.4319,0.04621783,-0.19806245
eft,2.0,979.4319,0.04621783,-0.19806245
ellenrof,2.0,979.4319,0.04621783,-0.19806245
eorla,2.0,979.4319,0.04621783,-0.19806245
eorlas,2.0,979.4319,0.04621783,-0.19806245
eornoste,2.0,979.4319,0.04621783,-0.19806245
fira,2.0,979.4319,0.04621783,-0.19806245
fletsittendum,2.0,979.4319,0.04621783,-0.19806245
folce,2.0,979.4319,0.04621783,-0.19806245
folctogan,2.0,979.4319,0.04621783,-0.19806245
frofre,2.0,979.4319,0.04621783,-0.19806245
fultum,2.0,979.4319,0.04621783,-0.19806245
funde,2.0,979.4319,0.04621783,-0.19806245
fynd,2.0,979.4319,0.04621783,-0.19806245
fæge,2.0,979.4319,0.04621783,-0.19806245
gefeohte,2.0,979.4319,0.04621783,-0.19806245
gefeoll,2.0,979.4319,0.04621783,-0.19806245
gefremede,2.0,979.4319,0.04621783,-0.19806245
gefrætewod,2.0,979.4319,0.04621783,-0.19806245
gegan,2.0,979.4319,0.04621783,-0.19806245
geheawen,2.0,979.4319,0.04621783,-0.19806245
gemong,2.0,979.4319,0.04621783,-0.19806245
genam,2.0,979.4319,0.04621783,-0.19806245
gesne,2.0,979.4319,0.04621783,-0.19806245
getacnod,2.0,979.4319,0.04621783,-0.19806245
gewat,2.0,979.4319,0.04621783,-0.19806245
ginnan,2.0,979.4319,0.04621783,-0.19806245
gleawe,2.0,979.4319,0.04621783,-0.19806245
grame,2.0,979.4319,0.04621783,-0.19806245
guðe,2.0,979.4319,0.04621783,-0.19806245
gyt,2.0,979.4319,0.04621783,-0.19806245
gæst,2.0,979.4319,0.04621783,-0.19806245
halige,2.0,979.4319,0.04621783,-0.19806245
ham,2.0,979.4319,0.04621783,-0.19806245
heanne,2.0,979.4319,0.04621783,-0.19806245
hearde,2.0,979.4319,0.04621783,-0.19806245
hehstan,2.0,979.4319,0.04621783,-0.19806245
heolfrig,2.0,979.4319,0.04621783,-0.19806245
heora,2.0,979.4319,0.04621783,-0.19806245
herefolces,2.0,979.4319,0.04621783,-0.19806245
herewæðan,2.0,979.4319,0.04621783,-0.19806245
hilde,2.0,979.4319,0.04621783,-0.19806245
hogedon,2.0,979.4319,0.04621783,-0.19806245
hæðenan,2.0,979.4319,0.04621783,-0.19806245
judith,2.0,979.4319,0.04621783,-0.19806245
lange,2.0,979.4319,0.04621783,-0.19806245
laðestan,2.0,979.4319,0.04621783,-0.19806245
laðne,2.0,979.4319,0.04621783,-0.19806245
laðra,2.0,979.4319,0.04621783,-0.19806245
lifes,2.0,979.4319,0.04621783,-0.19806245
linde,2.0,979.4319,0.04621783,-0.19806245
lungre,2.0,979.4319,0.04621783,-0.19806245
læddon,2.0,979.4319,0.04621783,-0.19806245
mannan,2.0,979.4319,0.04621783,-0.19806245
mece,2.0,979.4319,0.04621783,-0.19806245
mede,2.0,979.4319,0.04621783,-0.19806245
miclum,2.0,979.4319,0.04621783,-0.19806245
mihten,2.0,979.4319,0.04621783,-0.19806245
mihtig,2.0,979.4319,0.04621783,-0.19806245
mon,2.0,979.4319,0.04621783,-0.19806245
monna,2.0,979.4319,0.04621783,-0.19806245
mote,2.0,979.4319,0.04621783,-0.19806245
mægen,2.0,979.4319,0.04621783,-0.19806245
nanne,2.0,979.4319,0.04621783,-0.19806245
nealæhte,2.0,979.4319,0.04621783,-0.19806245
ofer,2.0,979.4319,0.04621783,-0.19806245
ofostlice,2.0,979.4319,0.04621783,-0.19806245
ongan,2.0,979.4319,0.04621783,-0.19806245
ongeaton,2.0,979.4319,0.04621783,-0.19806245
ongunnon,2.0,979.4319,0.04621783,-0.19806245
oð,2.0,979.4319,0.04621783,-0.19806245
oððe,2.0,979.4319,0.04621783,-0.19806245
rinca,2.0,979.4319,0.04621783,-0.19806245
rondwiggende,2.0,979.4319,0.04621783,-0.19806245
rume,2.0,979.4319,0.04621783,-0.19806245
ræswan,2.0,979.4319,0.04621783,-0.19806245
sinces,2.0,979.4319,0.04621783,-0.19806245
sið,2.0,979.4319,0.04621783,-0.19806245
siðe,2.0,979.4319,0.04621783,-0.19806245
sloh,2.0,979.4319,0.04621783,-0.19806245
soðne,2.0,979.4319,0.04621783,-0.19806245
spræc,2.0,979.4319,0.04621783,-0.19806245
stercedferhðe,2.0,979.4319,0.04621783,-0.19806245
sweorde,2.0,979.4319,0.04621783,-0.19806245
sweordum,2.0,979.4319,0.04621783,-0.19806245
swiman,2.0,979.4319,0.04621783,-0.19806245
swiðmod,2.0,979.4319,0.04621783,-0.19806245
tir,2.0,979.4319,0.04621783,-0.19806245
tires,2.0,979.4319,0.04621783,-0.19806245
torhtmod,2.0,979.4319,0.04621783,-0.19806245
toweard,2.0,979.4319,0.04621783,-0.19806245
træfe,2.0,979.4319,0.04621783,-0.19806245
tweode,2.0,979.4319,0.04621783,-0.19806245
ure,2.0,979.4319,0.04621783,-0.19806245
ut,2.0,979.4319,0.04621783,-0.19806245
uðe,2.0,979.4319,0.04621783,-0.19806245
waldend,2.0,979.4319,0.04621783,-0.19806245
weard,2.0,979.4319,0.04621783,-0.19806245
wel,2.0,979.4319,0.04621783,-0.19806245
werigferhðe,2.0,979.4319,0.04621783,-0.19806245
wif,2.0,979.4319,0.04621783,-0.19806245
wine,2.0,979.4319,0.04621783,-0.19806245
wlitegan,2.0,979.4319,0.04621783,-0.19806245
wolde,2.0,979.4319,0.04621783,-0.19806245
wrehton,2.0,979.4319,0.04621783,-0.19806245
wylle,2.0,979.4319,0.04621783,-0.19806245
yldestan,2.0,979.4319,0.04621783,-0.19806245
ymbe,2.0,979.4319,0.04621783,-0.19806245
ælmihtigan,2.0,979.4319,0.04621783,-0.19806245
æðele,2.0,979.4319,0.04621783,-0.19806245
ðæt,2.0,979.4319,0.04621783,-0.19806245
þara,2.0,979.4319,0.04621783,-0.19806245
þearfe,2.0,979.4319,0.04621783,-0.19806245
þearlmod,2.0,979.4319,0.04621783,-0.19806245
þeodne,2.0,979.4319,0.04621783,-0.19806245
þeodnes,2.0,979.4319,0.04621783,-0.19806245
þinre,2.0,979.4319,0.04621783,-0.19806245
109.0,1.0,489.71594,-0.23334979,-1.0
138.0,1.0,489.71594,-0.23334979,-1.0
1953.0,1.0,489.71594,-0.23334979,-1.0
abræd,1.0,489.71594,-0.23334979,-1.0
afor,1.0,489.71594,-0.23334979,-1.0
ageaf,1.0,489.71594,-0.23334979,-1.0
ageafon,1.0,489.71594,-0.23334979,-1.0
agon,1.0,489.71594,-0.23334979,-1.0
agotene,1.0,489.71594,-0.23334979,-1.0
ahongen,1.0,489.71594,-0.23334979,-1.0
aldor,1.0,489.71594,-0.23334979,-1.0
alede,1.0,489.71594,-0.23334979,-1.0
alwaldan,1.0,489.71594,-0.23334979,-1.0
anbyhtscealcas,1.0,489.71594,-0.23334979,-1.0
anes,1.0,489.71594,-0.23334979,-1.0
aninga,1.0,489.71594,-0.23334979,-1.0
anra,1.0,489.71594,-0.23334979,-1.0
anre,1.0,489.71594,-0.23334979,-1.0
areted,1.0,489.71594,-0.23334979,-1.0
arfæst,1.0,489.71594,-0.23334979,-1.0
arod,1.0,489.71594,-0.23334979,-1.0
asecgan,1.0,489.71594,-0.23334979,-1.0
aspr,1.0,489.71594,-0.23334979,-1.0
assyria,1.0,489.71594,-0.23334979,-1.0
assyrium,1.0,489.71594,-0.23334979,-1.0
aswefede,1.0,489.71594,-0.23334979,-1.0
atolan,1.0,489.71594,-0.23334979,-1.0
atolne,1.0,489.71594,-0.23334979,-1.0
awa,1.0,489.71594,-0.23334979,-1.0
ba,1.0,489.71594,-0.23334979,-1.0
beadorinca,1.0,489.71594,-0.23334979,-1.0
beadowe,1.0,489.71594,-0.23334979,-1.0
beaduwe,1.0,489.71594,-0.23334979,-1.0
beaga,1.0,489.71594,-0.23334979,-1.0
beagum,1.0,489.71594,-0.23334979,-1.0
beahhrodene,1.0,489.71594,-0.23334979,-1.0
bealde,1.0,489.71594,-0.23334979,-1.0
bealofull,1.0,489.71594,-0.23334979,-1.0
bealofulla,1.0,489.71594,-0.23334979,-1.0
bearhtme,1.0,489.71594,-0.23334979,-1.0
bearna,1.0,489.71594,-0.23334979,-1.0
bearnum,1.0,489.71594,-0.23334979,-1.0
becom,1.0,489.71594,-0.23334979,-1.0
becomon,1.0,489.71594,-0.23334979,-1.0
bed,1.0,489.71594,-0.23334979,-1.0
beddes,1.0,489.71594,-0.23334979,-1.0
bedreste,1.0,489.71594,-0.23334979,-1.0
begea,1.0,489.71594,-0.23334979,-1.0
begen,1.0,489.71594,-0.23334979,-1.0
beheafdod,1.0,489.71594,-0.23334979,-1.0
behðe,1.0,489.71594,-0.23334979,-1.0
belidenne,1.0,489.71594,-0.23334979,-1.0
bencsittende,1.0,489.71594,-0.23334979,-1.0
bencum,1.0,489.71594,-0.23334979,-1.0
benæman,1.0,489.71594,-0.23334979,-1.0
beorhte,1.0,489.71594,-0.23334979,-1.0
beorhtra,1.0,489.71594,-0.23334979,-1.0
beorna,1.0,489.71594,-0.23334979,-1.0
beowulf,1.0,489.71594,-0.23334979,-1.0
berað,1.0,489.71594,-0.23334979,-1.0
berenne,1.0,489.71594,-0.23334979,-1.0
besmitan,1.0,489.71594,-0.23334979,-1.0
bewunden,1.0,489.71594,-0.23334979,-1.0
beæftan,1.0,489.71594,-0.23334979,-1.0
beðeahte,1.0,489.71594,-0.23334979,-1.0
binnan,1.0,489.71594,-0.23334979,-1.0
blachleor,1.0,489.71594,-0.23334979,-1.0
blacne,1.0,489.71594,-0.23334979,-1.0
blican,1.0,489.71594,-0.23334979,-1.0
bodedon,1.0,489.71594,-0.23334979,-1.0
bodian,1.0,489.71594,-0.23334979,-1.0
bollan,1.0,489.71594,-0.23334979,-1.0
bordum,1.0,489.71594,-0.23334979,-1.0
boren,1.0,489.71594,-0.23334979,-1.0
bradswyrd,1.0,489.71594,-0.23334979,-1.0
brema,1.0,489.71594,-0.23334979,-1.0
breostum,1.0,489.71594,-0.23334979,-1.0
brogan,1.0,489.71594,-0.23334979,-1.0
brohton,1.0,489.71594,-0.23334979,-1.0
brugdon,1.0,489.71594,-0.23334979,-1.0
brune,1.0,489.71594,-0.23334979,-1.0
bryttan,1.0,489.71594,-0.23334979,-1.0
bunan,1.0,489.71594,-0.23334979,-1.0
burga,1.0,489.71594,-0.23334979,-1.0
burgeteld,1.0,489.71594,-0.23334979,-1.0
burgetelde,1.0,489.71594,-0.23334979,-1.0
burgeteldes,1.0,489.71594,-0.23334979,-1.0
burgleoda,1.0,489.71594,-0.23334979,-1.0
burhleodum,1.0,489.71594,-0.23334979,-1.0
burhsittende,1.0,489.71594,-0.23334979,-1.0
butan,1.0,489.71594,-0.23334979,-1.0
byrnhomas,1.0,489.71594,-0.23334979,-1.0
byrnwigena,1.0,489.71594,-0.23334979,-1.0
byrnwiggende,1.0,489.71594,-0.23334979,-1.0
bysmerlice,1.0,489.71594,-0.23334979,-1.0
bælc,1.0,489.71594,-0.23334979,-1.0
bæron,1.0,489.71594,-0.23334979,-1.0
campe,1.0,489.71594,-0.23334979,-1.0
cene,1.0,489.71594,-0.23334979,-1.0
cenra,1.0,489.71594,-0.23334979,-1.0
cirdon,1.0,489.71594,-0.23334979,-1.0
cirman,1.0,489.71594,-0.23334979,-1.0
cneoris,1.0,489.71594,-0.23334979,-1.0
cohhetan,1.0,489.71594,-0.23334979,-1.0
collenferhðe,1.0,489.71594,-0.23334979,-1.0
com,1.0,489.71594,-0.23334979,-1.0
comon,1.0,489.71594,-0.23334979,-1.0
compwige,1.0,489.71594,-0.23334979,-1.0
cumblum,1.0,489.71594,-0.23334979,-1.0
cyning,1.0,489.71594,-0.23334979,-1.0
cyninga,1.0,489.71594,-0.23334979,-1.0
cynna,1.0,489.71594,-0.23334979,-1.0
cynne,1.0,489.71594,-0.23334979,-1.0
cyððe,1.0,489.71594,-0.23334979,-1.0
dead,1.0,489.71594,-0.23334979,-1.0
deman,1.0,489.71594,-0.23334979,-1.0
deofulcunda,1.0,489.71594,-0.23334979,-1.0
deð,1.0,489.71594,-0.23334979,-1.0
dogore,1.0,489.71594,-0.23334979,-1.0
dolhwund,1.0,489.71594,-0.23334979,-1.0
dome,1.0,489.71594,-0.23334979,-1.0
domlice,1.0,489.71594,-0.23334979,-1.0
dorste,1.0,489.71594,-0.23334979,-1.0
dreamas,1.0,489.71594,-0.23334979,-1.0
drencte,1.0,489.71594,-0.23334979,-1.0
drihtne,1.0,489.71594,-0.23334979,-1.0
drugon,1.0,489.71594,-0.23334979,-1.0
dryhtguman,1.0,489.71594,-0.23334979,-1.0
dryhtne,1.0,489.71594,-0.23334979,-1.0
dugeða,1.0,489.71594,-0.23334979,-1.0
duguðe,1.0,489.71594,-0.23334979,-1.0
dune,1.0,489.71594,-0.23334979,-1.0
dynedan,1.0,489.71594,-0.23334979,-1.0
dynede,1.0,489.71594,-0.23334979,-1.0
dyre,1.0,489.71594,-0.23334979,-1.0
dæg,1.0,489.71594,-0.23334979,-1.0
dægeweorce,1.0,489.71594,-0.23334979,-1.0
dægred,1.0,489.71594,-0.23334979,-1.0
e.v.k,1.0,489.71594,-0.23334979,-1.0
eades,1.0,489.71594,-0.23334979,-1.0
eadhreðige,1.0,489.71594,-0.23334979,-1.0
eadigan,1.0,489.71594,-0.23334979,-1.0
ealdfeondum,1.0,489.71594,-0.23334979,-1.0
ealdgeniðlan,1.0,489.71594,-0.23334979,-1.0
ealdhettende,1.0,489.71594,-0.23334979,-1.0
ealdorduguðe,1.0,489.71594,-0.23334979,-1.0
ealdorþegnum,1.0,489.71594,-0.23334979,-1.0
ealdre,1.0,489.71594,-0.23334979,-1.0
eall,1.0,489.71594,-0.23334979,-1.0
eallgylden,1.0,489.71594,-0.23334979,-1.0
ealne,1.0,489.71594,-0.23334979,-1.0
ealra,1.0,489.71594,-0.23334979,-1.0
earn,1.0,489.71594,-0.23334979,-1.0
eastan,1.0,489.71594,-0.23334979,-1.0
eaðmedum,1.0,489.71594,-0.23334979,-1.0
ebreas,1.0,489.71594,-0.23334979,-1.0
ecgplegan,1.0,489.71594,-0.23334979,-1.0
ecgum,1.0,489.71594,-0.23334979,-1.0
edwit,1.0,489.71594,-0.23334979,-1.0
egesa,1.0,489.71594,-0.23334979,-1.0
egesful,1.0,489.71594,-0.23334979,-1.0
egesfull,1.0,489.71594,-0.23334979,-1.0
eglan,1.0,489.71594,-0.23334979,-1.0
ehton,1.0,489.71594,-0.23334979,-1.0
ellendæda,1.0,489.71594,-0.23334979,-1.0
ellenþriste,1.0,489.71594,-0.23334979,-1.0
ellor,1.0,489.71594,-0.23334979,-1.0
elne,1.0,489.71594,-0.23334979,-1.0
elðeoda,1.0,489.71594,-0.23334979,-1.0
elðeodigra,1.0,489.71594,-0.23334979,-1.0
eorðan,1.0,489.71594,-0.23334979,-1.0
eowdon,1.0,489.71594,-0.23334979,-1.0
eowere,1.0,489.71594,-0.23334979,-1.0
eðelweardas,1.0,489.71594,-0.23334979,-1.0
eðle,1.0,489.71594,-0.23334979,-1.0
feaht,1.0,489.71594,-0.23334979,-1.0
feax,1.0,489.71594,-0.23334979,-1.0
feaxe,1.0,489.71594,-0.23334979,-1.0
feng,1.0,489.71594,-0.23334979,-1.0
feondsceaðan,1.0,489.71594,-0.23334979,-1.0
feorran,1.0,489.71594,-0.23334979,-1.0
feorðan,1.0,489.71594,-0.23334979,-1.0
feran,1.0,489.71594,-0.23334979,-1.0
ferhðgleawe,1.0,489.71594,-0.23334979,-1.0
fetigan,1.0,489.71594,-0.23334979,-1.0
feðelaste,1.0,489.71594,-0.23334979,-1.0
flana,1.0,489.71594,-0.23334979,-1.0
fleah,1.0,489.71594,-0.23334979,-1.0
fleam,1.0,489.71594,-0.23334979,-1.0
fleogan,1.0,489.71594,-0.23334979,-1.0
fleohnet,1.0,489.71594,-0.23334979,-1.0
flore,1.0,489.71594,-0.23334979,-1.0
flugon,1.0,489.71594,-0.23334979,-1.0
folces,1.0,489.71594,-0.23334979,-1.0
folcstede,1.0,489.71594,-0.23334979,-1.0
foldan,1.0,489.71594,-0.23334979,-1.0
folme,1.0,489.71594,-0.23334979,-1.0
folmum,1.0,489.71594,-0.23334979,-1.0
forbiged,1.0,489.71594,-0.23334979,-1.0
forcearf,1.0,489.71594,-0.23334979,-1.0
fordraf,1.0,489.71594,-0.23334979,-1.0
foregenga,1.0,489.71594,-0.23334979,-1.0
foremærne,1.0,489.71594,-0.23334979,-1.0
forgif,1.0,489.71594,-0.23334979,-1.0
forgolden,1.0,489.71594,-0.23334979,-1.0
forhtlice,1.0,489.71594,-0.23334979,-1.0
forleosan,1.0,489.71594,-0.23334979,-1.0
forleton,1.0,489.71594,-0.23334979,-1.0
forlęton,1.0,489.71594,-0.23334979,-1.0
foron,1.0,489.71594,-0.23334979,-1.0
forweorðan,1.0,489.71594,-0.23334979,-1.0
forwyrd,1.0,489.71594,-0.23334979,-1.0
forðylmed,1.0,489.71594,-0.23334979,-1.0
frea,1.0,489.71594,-0.23334979,-1.0
fremedon,1.0,489.71594,-0.23334979,-1.0
freorig,1.0,489.71594,-0.23334979,-1.0
frumgaras,1.0,489.71594,-0.23334979,-1.0
fugel,1.0,489.71594,-0.23334979,-1.0
fuglum,1.0,489.71594,-0.23334979,-1.0
fuhton,1.0,489.71594,-0.23334979,-1.0
fula,1.0,489.71594,-0.23334979,-1.0
fulle,1.0,489.71594,-0.23334979,-1.0
fundon,1.0,489.71594,-0.23334979,-1.0
fylgan,1.0,489.71594,-0.23334979,-1.0
fyllan,1.0,489.71594,-0.23334979,-1.0
fylle,1.0,489.71594,-0.23334979,-1.0
fyrdwicum,1.0,489.71594,-0.23334979,-1.0
fyrngeflitu,1.0,489.71594,-0.23334979,-1.0
fyrst,1.0,489.71594,-0.23334979,-1.0
fysan,1.0,489.71594,-0.23334979,-1.0
fæder,1.0,489.71594,-0.23334979,-1.0
fæger,1.0,489.71594,-0.23334979,-1.0
fægre,1.0,489.71594,-0.23334979,-1.0
fægum,1.0,489.71594,-0.23334979,-1.0
færspel,1.0,489.71594,-0.23334979,-1.0
fæste,1.0,489.71594,-0.23334979,-1.0
fæstengeates,1.0,489.71594,-0.23334979,-1.0
fæstenne,1.0,489.71594,-0.23334979,-1.0
fætelse,1.0,489.71594,-0.23334979,-1.0
galferhð,1.0,489.71594,-0.23334979,-1.0
galmoda,1.0,489.71594,-0.23334979,-1.0
gan,1.0,489.71594,-0.23334979,-1.0
garas,1.0,489.71594,-0.23334979,-1.0
gargewinnes,1.0,489.71594,-0.23334979,-1.0
geaf,1.0,489.71594,-0.23334979,-1.0
gearoþoncolre,1.0,489.71594,-0.23334979,-1.0
gearwe,1.0,489.71594,-0.23334979,-1.0
geat,1.0,489.71594,-0.23334979,-1.0
gebidenne,1.0,489.71594,-0.23334979,-1.0
geblonden,1.0,489.71594,-0.23334979,-1.0
gebroht,1.0,489.71594,-0.23334979,-1.0
gebrohte,1.0,489.71594,-0.23334979,-1.0
gebrohton,1.0,489.71594,-0.23334979,-1.0
gebunden,1.0,489.71594,-0.23334979,-1.0
gebylde,1.0,489.71594,-0.23334979,-1.0
gebærdon,1.0,489.71594,-0.23334979,-1.0
gecoste,1.0,489.71594,-0.23334979,-1.0
gecunnian,1.0,489.71594,-0.23334979,-1.0
gecyðed,1.0,489.71594,-0.23334979,-1.0
gedemed,1.0,489.71594,-0.23334979,-1.0
gedrefed,1.0,489.71594,-0.23334979,-1.0
gedyrsod,1.0,489.71594,-0.23334979,-1.0
geeodon,1.0,489.71594,-0.23334979,-1.0
gefeah,1.0,489.71594,-0.23334979,-1.0
gefeol,1.0,489.71594,-0.23334979,-1.0
gefohten,1.0,489.71594,-0.23334979,-1.0
gefriðode,1.0,489.71594,-0.23334979,-1.0
gefrægen,1.0,489.71594,-0.23334979,-1.0
gefrægn,1.0,489.71594,-0.23334979,-1.0
gegangan,1.0,489.71594,-0.23334979,-1.0
gegearewod,1.0,489.71594,-0.23334979,-1.0
gegnum,1.0,489.71594,-0.23334979,-1.0
gegremede,1.0,489.71594,-0.23334979,-1.0
geheawan,1.0,489.71594,-0.23334979,-1.0
gehlæste,1.0,489.71594,-0.23334979,-1.0
gehrodene,1.0,489.71594,-0.23334979,-1.0
gehwylces,1.0,489.71594,-0.23334979,-1.0
gehwylcne,1.0,489.71594,-0.23334979,-1.0
gehwæne,1.0,489.71594,-0.23334979,-1.0
gehyran,1.0,489.71594,-0.23334979,-1.0
gehyrdon,1.0,489.71594,-0.23334979,-1.0
gehæfted,1.0,489.71594,-0.23334979,-1.0
gelome,1.0,489.71594,-0.23334979,-1.0
gelyste,1.0,489.71594,-0.23334979,-1.0
gemang,1.0,489.71594,-0.23334979,-1.0
gemyndig,1.0,489.71594,-0.23334979,-1.0
geneahhe,1.0,489.71594,-0.23334979,-1.0
geniwod,1.0,489.71594,-0.23334979,-1.0
genyðerad,1.0,489.71594,-0.23334979,-1.0
geomor,1.0,489.71594,-0.23334979,-1.0
geomormodum,1.0,489.71594,-0.23334979,-1.0
geond,1.0,489.71594,-0.23334979,-1.0
geonge,1.0,489.71594,-0.23334979,-1.0
georn,1.0,489.71594,-0.23334979,-1.0
georne,1.0,489.71594,-0.23334979,-1.0
gerenode,1.0,489.71594,-0.23334979,-1.0
gerihte,1.0,489.71594,-0.23334979,-1.0
gesceop,1.0,489.71594,-0.23334979,-1.0
geseon,1.0,489.71594,-0.23334979,-1.0
gesiðas,1.0,489.71594,-0.23334979,-1.0
geslegene,1.0,489.71594,-0.23334979,-1.0
gesohte,1.0,489.71594,-0.23334979,-1.0
gespeow,1.0,489.71594,-0.23334979,-1.0
gestyrde,1.0,489.71594,-0.23334979,-1.0
geswiðrod,1.0,489.71594,-0.23334979,-1.0
geswutelod,1.0,489.71594,-0.23334979,-1.0
gesynta,1.0,489.71594,-0.23334979,-1.0
gesæged,1.0,489.71594,-0.23334979,-1.0
gesæled,1.0,489.71594,-0.23334979,-1.0
geunne,1.0,489.71594,-0.23334979,-1.0
gewealdan,1.0,489.71594,-0.23334979,-1.0
geweorðod,1.0,489.71594,-0.23334979,-1.0
gewitan,1.0,489.71594,-0.23334979,-1.0
gewitlocan,1.0,489.71594,-0.23334979,-1.0
geworden,1.0,489.71594,-0.23334979,-1.0
gewrec,1.0,489.71594,-0.23334979,-1.0
geðafian,1.0,489.71594,-0.23334979,-1.0
geðonce,1.0,489.71594,-0.23334979,-1.0
geðrungen,1.0,489.71594,-0.23334979,-1.0
geðungen,1.0,489.71594,-0.23334979,-1.0
gifena,1.0,489.71594,-0.23334979,-1.0
gifeðe,1.0,489.71594,-0.23334979,-1.0
gingran,1.0,489.71594,-0.23334979,-1.0
girwan,1.0,489.71594,-0.23334979,-1.0
gleaw,1.0,489.71594,-0.23334979,-1.0
gleawhydig,1.0,489.71594,-0.23334979,-1.0
glædmode,1.0,489.71594,-0.23334979,-1.0
goda,1.0,489.71594,-0.23334979,-1.0
gode,1.0,489.71594,-0.23334979,-1.0
godes,1.0,489.71594,-0.23334979,-1.0
goldgifan,1.0,489.71594,-0.23334979,-1.0
goldwine,1.0,489.71594,-0.23334979,-1.0
greot,1.0,489.71594,-0.23334979,-1.0
gristbitian,1.0,489.71594,-0.23334979,-1.0
grundas,1.0,489.71594,-0.23334979,-1.0
grunde,1.0,489.71594,-0.23334979,-1.0
guldon,1.0,489.71594,-0.23334979,-1.0
guman,1.0,489.71594,-0.23334979,-1.0
guðfanum,1.0,489.71594,-0.23334979,-1.0
guðfrecan,1.0,489.71594,-0.23334979,-1.0
guðsceorp,1.0,489.71594,-0.23334979,-1.0
gylede,1.0,489.71594,-0.23334979,-1.0
gyrnde,1.0,489.71594,-0.23334979,-1.0
gysterne,1.0,489.71594,-0.23334979,-1.0
gytesalum,1.0,489.71594,-0.23334979,-1.0
gæstes,1.0,489.71594,-0.23334979,-1.0
hafað,1.0,489.71594,-0.23334979,-1.0
halgan,1.0,489.71594,-0.23334979,-1.0
haligan,1.0,489.71594,-0.23334979,-1.0
haligre,1.0,489.71594,-0.23334979,-1.0
hand,1.0,489.71594,-0.23334979,-1.0
hare,1.0,489.71594,-0.23334979,-1.0
hate,1.0,489.71594,-0.23334979,-1.0
heafodgerimes,1.0,489.71594,-0.23334979,-1.0
heafodweardas,1.0,489.71594,-0.23334979,-1.0
healdend,1.0,489.71594,-0.23334979,-1.0
healfne,1.0,489.71594,-0.23334979,-1.0
hean,1.0,489.71594,-0.23334979,-1.0
heapum,1.0,489.71594,-0.23334979,-1.0
heardne,1.0,489.71594,-0.23334979,-1.0
heardra,1.0,489.71594,-0.23334979,-1.0
heardum,1.0,489.71594,-0.23334979,-1.0
hearran,1.0,489.71594,-0.23334979,-1.0
heaðorincas,1.0,489.71594,-0.23334979,-1.0
heaðorinces,1.0,489.71594,-0.23334979,-1.0
hehsta,1.0,489.71594,-0.23334979,-1.0
hellebryne,1.0,489.71594,-0.23334979,-1.0
helm,1.0,489.71594,-0.23334979,-1.0
helmum,1.0,489.71594,-0.23334979,-1.0
helpe,1.0,489.71594,-0.23334979,-1.0
heofonum,1.0,489.71594,-0.23334979,-1.0
heoldon,1.0,489.71594,-0.23334979,-1.0
heolstran,1.0,489.71594,-0.23334979,-1.0
heorte,1.0,489.71594,-0.23334979,-1.0
heoruwæpnum,1.0,489.71594,-0.23334979,-1.0
heowon,1.0,489.71594,-0.23334979,-1.0
herbuendra,1.0,489.71594,-0.23334979,-1.0
herereaf,1.0,489.71594,-0.23334979,-1.0
herige,1.0,489.71594,-0.23334979,-1.0
heriges,1.0,489.71594,-0.23334979,-1.0
herpað,1.0,489.71594,-0.23334979,-1.0
hete,1.0,489.71594,-0.23334979,-1.0
heteþoncolne,1.0,489.71594,-0.23334979,-1.0
hige,1.0,489.71594,-0.23334979,-1.0
higerofe,1.0,489.71594,-0.23334979,-1.0
higeðoncolre,1.0,489.71594,-0.23334979,-1.0
hildeleoð,1.0,489.71594,-0.23334979,-1.0
hildenædran,1.0,489.71594,-0.23334979,-1.0
hinsiðe,1.0,489.71594,-0.23334979,-1.0
hit,1.0,489.71594,-0.23334979,-1.0
hlaforde,1.0,489.71594,-0.23334979,-1.0
hlanca,1.0,489.71594,-0.23334979,-1.0
hloh,1.0,489.71594,-0.23334979,-1.0
hlummon,1.0,489.71594,-0.23334979,-1.0
hlydde,1.0,489.71594,-0.23334979,-1.0
hlynede,1.0,489.71594,-0.23334979,-1.0
holofernes,1.0,489.71594,-0.23334979,-1.0
hond,1.0,489.71594,-0.23334979,-1.0
hopian,1.0,489.71594,-0.23334979,-1.0
hornbogan,1.0,489.71594,-0.23334979,-1.0
hosp,1.0,489.71594,-0.23334979,-1.0
hraðe,1.0,489.71594,-0.23334979,-1.0
hrefn,1.0,489.71594,-0.23334979,-1.0
hreoh,1.0,489.71594,-0.23334979,-1.0
hreowigmode,1.0,489.71594,-0.23334979,-1.0
hreðre,1.0,489.71594,-0.23334979,-1.0
hringum,1.0,489.71594,-0.23334979,-1.0
hrofe,1.0,489.71594,-0.23334979,-1.0
hrægl,1.0,489.71594,-0.23334979,-1.0
hræw,1.0,489.71594,-0.23334979,-1.0
hund,1.0,489.71594,-0.23334979,-1.0
hupseax,1.0,489.71594,-0.23334979,-1.0
huru,1.0,489.71594,-0.23334979,-1.0
hwealfum,1.0,489.71594,-0.23334979,-1.0
hwearf,1.0,489.71594,-0.23334979,-1.0
hwearfum,1.0,489.71594,-0.23334979,-1.0
hwile,1.0,489.71594,-0.23334979,-1.0
hwæne,1.0,489.71594,-0.23334979,-1.0
hyhsta,1.0,489.71594,-0.23334979,-1.0
hyht,1.0,489.71594,-0.23334979,-1.0
hyhtwynna,1.0,489.71594,-0.23334979,-1.0
hyldo,1.0,489.71594,-0.23334979,-1.0
hyrde,1.0,489.71594,-0.23334979,-1.0
hyrnednebba,1.0,489.71594,-0.23334979,-1.0
hyrsta,1.0,489.71594,-0.23334979,-1.0
hyt,1.0,489.71594,-0.23334979,-1.0
hæfte,1.0,489.71594,-0.23334979,-1.0
hæleða,1.0,489.71594,-0.23334979,-1.0
hæðenes,1.0,489.71594,-0.23334979,-1.0
hæðenra,1.0,489.71594,-0.23334979,-1.0
idesa,1.0,489.71594,-0.23334979,-1.0
innan,1.0,489.71594,-0.23334979,-1.0
inwidda,1.0,489.71594,-0.23334979,-1.0
iudithe,1.0,489.71594,-0.23334979,-1.0
iudithðe,1.0,489.71594,-0.23334979,-1.0
lagon,1.0,489.71594,-0.23334979,-1.0
landbuende,1.0,489.71594,-0.23334979,-1.0
lare,1.0,489.71594,-0.23334979,-1.0
laste,1.0,489.71594,-0.23334979,-1.0
late,1.0,489.71594,-0.23334979,-1.0
lað,1.0,489.71594,-0.23334979,-1.0
laðan,1.0,489.71594,-0.23334979,-1.0
laðost,1.0,489.71594,-0.23334979,-1.0
laðum,1.0,489.71594,-0.23334979,-1.0
leanes,1.0,489.71594,-0.23334979,-1.0
leap,1.0,489.71594,-0.23334979,-1.0
leas,1.0,489.71594,-0.23334979,-1.0
leng,1.0,489.71594,-0.23334979,-1.0
lengran,1.0,489.71594,-0.23334979,-1.0
leoda,1.0,489.71594,-0.23334979,-1.0
leodhatan,1.0,489.71594,-0.23334979,-1.0
leodum,1.0,489.71594,-0.23334979,-1.0
leof,1.0,489.71594,-0.23334979,-1.0
leofan,1.0,489.71594,-0.23334979,-1.0
leohtne,1.0,489.71594,-0.23334979,-1.0
leoman,1.0,489.71594,-0.23334979,-1.0
leton,1.0,489.71594,-0.23334979,-1.0
licgan,1.0,489.71594,-0.23334979,-1.0
life,1.0,489.71594,-0.23334979,-1.0
lindum,1.0,489.71594,-0.23334979,-1.0
lindwerod,1.0,489.71594,-0.23334979,-1.0
lindwiggende,1.0,489.71594,-0.23334979,-1.0
listum,1.0,489.71594,-0.23334979,-1.0
lið,1.0,489.71594,-0.23334979,-1.0
londbuendum,1.0,489.71594,-0.23334979,-1.0
losian,1.0,489.71594,-0.23334979,-1.0
lustum,1.0,489.71594,-0.23334979,-1.0
lyfdon,1.0,489.71594,-0.23334979,-1.0
lyfte,1.0,489.71594,-0.23334979,-1.0
lythwon,1.0,489.71594,-0.23334979,-1.0
lædan,1.0,489.71594,-0.23334979,-1.0
lædde,1.0,489.71594,-0.23334979,-1.0
læðða,1.0,489.71594,-0.23334979,-1.0
læððum,1.0,489.71594,-0.23334979,-1.0
madma,1.0,489.71594,-0.23334979,-1.0
madmas,1.0,489.71594,-0.23334979,-1.0
magon,1.0,489.71594,-0.23334979,-1.0
magoþegnas,1.0,489.71594,-0.23334979,-1.0
manna,1.0,489.71594,-0.23334979,-1.0
manode,1.0,489.71594,-0.23334979,-1.0
maran,1.0,489.71594,-0.23334979,-1.0
maðma,1.0,489.71594,-0.23334979,-1.0
medobyrig,1.0,489.71594,-0.23334979,-1.0
medowerige,1.0,489.71594,-0.23334979,-1.0
medowerigum,1.0,489.71594,-0.23334979,-1.0
medugal,1.0,489.71594,-0.23334979,-1.0
men,1.0,489.71594,-0.23334979,-1.0
meowlan,1.0,489.71594,-0.23334979,-1.0
meowle,1.0,489.71594,-0.23334979,-1.0
metod,1.0,489.71594,-0.23334979,-1.0
metodes,1.0,489.71594,-0.23334979,-1.0
middan,1.0,489.71594,-0.23334979,-1.0
mihton,1.0,489.71594,-0.23334979,-1.0
minra,1.0,489.71594,-0.23334979,-1.0
minum,1.0,489.71594,-0.23334979,-1.0
mod,1.0,489.71594,-0.23334979,-1.0
modig,1.0,489.71594,-0.23334979,-1.0
modiga,1.0,489.71594,-0.23334979,-1.0
modigre,1.0,489.71594,-0.23334979,-1.0
moldan,1.0,489.71594,-0.23334979,-1.0
monðes,1.0,489.71594,-0.23334979,-1.0
morgencollan,1.0,489.71594,-0.23334979,-1.0
morgentid,1.0,489.71594,-0.23334979,-1.0
morðra,1.0,489.71594,-0.23334979,-1.0
morðres,1.0,489.71594,-0.23334979,-1.0
moste,1.0,489.71594,-0.23334979,-1.0
mundbyrd,1.0,489.71594,-0.23334979,-1.0
mundum,1.0,489.71594,-0.23334979,-1.0
murnan,1.0,489.71594,-0.23334979,-1.0
mynton,1.0,489.71594,-0.23334979,-1.0
mæg,1.0,489.71594,-0.23334979,-1.0
mæge,1.0,489.71594,-0.23334979,-1.0
mægeneacen,1.0,489.71594,-0.23334979,-1.0
mægða,1.0,489.71594,-0.23334979,-1.0
mæran,1.0,489.71594,-0.23334979,-1.0
mærost,1.0,489.71594,-0.23334979,-1.0
mærra,1.0,489.71594,-0.23334979,-1.0
mærðe,1.0,489.71594,-0.23334979,-1.0
mæst,1.0,489.71594,-0.23334979,-1.0
mæsta,1.0,489.71594,-0.23334979,-1.0
mæste,1.0,489.71594,-0.23334979,-1.0
nahte,1.0,489.71594,-0.23334979,-1.0
naman,1.0,489.71594,-0.23334979,-1.0
nan,1.0,489.71594,-0.23334979,-1.0
neah,1.0,489.71594,-0.23334979,-1.0
near,1.0,489.71594,-0.23334979,-1.0
nehstan,1.0,489.71594,-0.23334979,-1.0
nemnan,1.0,489.71594,-0.23334979,-1.0
neosan,1.0,489.71594,-0.23334979,-1.0
neowelne,1.0,489.71594,-0.23334979,-1.0
nergend,1.0,489.71594,-0.23334979,-1.0
nergende,1.0,489.71594,-0.23334979,-1.0
nergendes,1.0,489.71594,-0.23334979,-1.0
nest,1.0,489.71594,-0.23334979,-1.0
new,1.0,489.71594,-0.23334979,-1.0
neðde,1.0,489.71594,-0.23334979,-1.0
niht,1.0,489.71594,-0.23334979,-1.0
nihte,1.0,489.71594,-0.23334979,-1.0
nihtes,1.0,489.71594,-0.23334979,-1.0
nimanne,1.0,489.71594,-0.23334979,-1.0
niða,1.0,489.71594,-0.23334979,-1.0
niðe,1.0,489.71594,-0.23334979,-1.0
niðheard,1.0,489.71594,-0.23334979,-1.0
niðhycgende,1.0,489.71594,-0.23334979,-1.0
niðum,1.0,489.71594,-0.23334979,-1.0
nyd,1.0,489.71594,-0.23334979,-1.0
nyde,1.0,489.71594,-0.23334979,-1.0
nymðe,1.0,489.71594,-0.23334979,-1.0
nyste,1.0,489.71594,-0.23334979,-1.0
næfre,1.0,489.71594,-0.23334979,-1.0
nænig,1.0,489.71594,-0.23334979,-1.0
ofercuman,1.0,489.71594,-0.23334979,-1.0
oferdrencte,1.0,489.71594,-0.23334979,-1.0
oferwunnen,1.0,489.71594,-0.23334979,-1.0
onbryrde,1.0,489.71594,-0.23334979,-1.0
onettan,1.0,489.71594,-0.23334979,-1.0
onette,1.0,489.71594,-0.23334979,-1.0
ongean,1.0,489.71594,-0.23334979,-1.0
onhæted,1.0,489.71594,-0.23334979,-1.0
onleah,1.0,489.71594,-0.23334979,-1.0
onwoce,1.0,489.71594,-0.23334979,-1.0
onwriðan,1.0,489.71594,-0.23334979,-1.0
orcas,1.0,489.71594,-0.23334979,-1.0
oretmæcgas,1.0,489.71594,-0.23334979,-1.0
orfeorme,1.0,489.71594,-0.23334979,-1.0
orsawle,1.0,489.71594,-0.23334979,-1.0
oðre,1.0,489.71594,-0.23334979,-1.0
oðþrong,1.0,489.71594,-0.23334979,-1.0
randwiggendra,1.0,489.71594,-0.23334979,-1.0
readum,1.0,489.71594,-0.23334979,-1.0
recene,1.0,489.71594,-0.23334979,-1.0
reocende,1.0,489.71594,-0.23334979,-1.0
reston,1.0,489.71594,-0.23334979,-1.0
reðe,1.0,489.71594,-0.23334979,-1.0
rican,1.0,489.71594,-0.23334979,-1.0
rice,1.0,489.71594,-0.23334979,-1.0
ricne,1.0,489.71594,-0.23334979,-1.0
rihte,1.0,489.71594,-0.23334979,-1.0
roderas,1.0,489.71594,-0.23334979,-1.0
roderum,1.0,489.71594,-0.23334979,-1.0
rofe,1.0,489.71594,-0.23334979,-1.0
rofra,1.0,489.71594,-0.23334979,-1.0
rum,1.0,489.71594,-0.23334979,-1.0
rune,1.0,489.71594,-0.23334979,-1.0
ræda,1.0,489.71594,-0.23334979,-1.0
ræde,1.0,489.71594,-0.23334979,-1.0
ræfndon,1.0,489.71594,-0.23334979,-1.0
salowigpada,1.0,489.71594,-0.23334979,-1.0
sang,1.0,489.71594,-0.23334979,-1.0
sarra,1.0,489.71594,-0.23334979,-1.0
sceacan,1.0,489.71594,-0.23334979,-1.0
sceal,1.0,489.71594,-0.23334979,-1.0
scealcas,1.0,489.71594,-0.23334979,-1.0
scearpne,1.0,489.71594,-0.23334979,-1.0
sceaðe,1.0,489.71594,-0.23334979,-1.0
sceaðena,1.0,489.71594,-0.23334979,-1.0
sceaðum,1.0,489.71594,-0.23334979,-1.0
sceolde,1.0,489.71594,-0.23334979,-1.0
sceotend,1.0,489.71594,-0.23334979,-1.0
scildas,1.0,489.71594,-0.23334979,-1.0
scildburh,1.0,489.71594,-0.23334979,-1.0
scire,1.0,489.71594,-0.23334979,-1.0
scirmæled,1.0,489.71594,-0.23334979,-1.0
sculon,1.0,489.71594,-0.23334979,-1.0
scuras,1.0,489.71594,-0.23334979,-1.0
scurum,1.0,489.71594,-0.23334979,-1.0
scyne,1.0,489.71594,-0.23334979,-1.0
scyppendes,1.0,489.71594,-0.23334979,-1.0
scæron,1.0,489.71594,-0.23334979,-1.0
searoðoncol,1.0,489.71594,-0.23334979,-1.0
searoþoncelra,1.0,489.71594,-0.23334979,-1.0
seceð,1.0,489.71594,-0.23334979,-1.0
secgan,1.0,489.71594,-0.23334979,-1.0
secgas,1.0,489.71594,-0.23334979,-1.0
sende,1.0,489.71594,-0.23334979,-1.0
sendon,1.0,489.71594,-0.23334979,-1.0
side,1.0,489.71594,-0.23334979,-1.0
sigefolce,1.0,489.71594,-0.23334979,-1.0
sigerofe,1.0,489.71594,-0.23334979,-1.0
sigewonge,1.0,489.71594,-0.23334979,-1.0
sigeþufas,1.0,489.71594,-0.23334979,-1.0
sigor,1.0,489.71594,-0.23334979,-1.0
sigore,1.0,489.71594,-0.23334979,-1.0
sigores,1.0,489.71594,-0.23334979,-1.0
sigorlean,1.0,489.71594,-0.23334979,-1.0
sine,1.0,489.71594,-0.23334979,-1.0
sinre,1.0,489.71594,-0.23334979,-1.0
sinum,1.0,489.71594,-0.23334979,-1.0
sittan,1.0,489.71594,-0.23334979,-1.0
siðfate,1.0,489.71594,-0.23334979,-1.0
slegefæge,1.0,489.71594,-0.23334979,-1.0
slogon,1.0,489.71594,-0.23334979,-1.0
slæpe,1.0,489.71594,-0.23334979,-1.0
snelra,1.0,489.71594,-0.23334979,-1.0
snoteran,1.0,489.71594,-0.23334979,-1.0
snotere,1.0,489.71594,-0.23334979,-1.0
sorga,1.0,489.71594,-0.23334979,-1.0
sorgum,1.0,489.71594,-0.23334979,-1.0
sparedon,1.0,489.71594,-0.23334979,-1.0
speow,1.0,489.71594,-0.23334979,-1.0
starian,1.0,489.71594,-0.23334979,-1.0
steape,1.0,489.71594,-0.23334979,-1.0
stedehearde,1.0,489.71594,-0.23334979,-1.0
stiðmoda,1.0,489.71594,-0.23334979,-1.0
stodon,1.0,489.71594,-0.23334979,-1.0
streamas,1.0,489.71594,-0.23334979,-1.0
strælas,1.0,489.71594,-0.23334979,-1.0
styrmde,1.0,489.71594,-0.23334979,-1.0
styrmdon,1.0,489.71594,-0.23334979,-1.0
styrnmode,1.0,489.71594,-0.23334979,-1.0
sum,1.0,489.71594,-0.23334979,-1.0
sumne,1.0,489.71594,-0.23334979,-1.0
sundoryrfes,1.0,489.71594,-0.23334979,-1.0
susle,1.0,489.71594,-0.23334979,-1.0
swatigne,1.0,489.71594,-0.23334979,-1.0
swaðe,1.0,489.71594,-0.23334979,-1.0
sweoran,1.0,489.71594,-0.23334979,-1.0
sweorcendferhðe,1.0,489.71594,-0.23334979,-1.0
sweord,1.0,489.71594,-0.23334979,-1.0
sweot,1.0,489.71594,-0.23334979,-1.0
sweotole,1.0,489.71594,-0.23334979,-1.0
sweotollice,1.0,489.71594,-0.23334979,-1.0
swiðlic,1.0,489.71594,-0.23334979,-1.0
swiðran,1.0,489.71594,-0.23334979,-1.0
swylcne,1.0,489.71594,-0.23334979,-1.0
swyrd,1.0,489.71594,-0.23334979,-1.0
swyrdgeswing,1.0,489.71594,-0.23334979,-1.0
swyðe,1.0,489.71594,-0.23334979,-1.0
swyðor,1.0,489.71594,-0.23334979,-1.0
swæsendo,1.0,489.71594,-0.23334979,-1.0
sy,1.0,489.71594,-0.23334979,-1.0
sylf,1.0,489.71594,-0.23334979,-1.0
sylfes,1.0,489.71594,-0.23334979,-1.0
sylfra,1.0,489.71594,-0.23334979,-1.0
sylfre,1.0,489.71594,-0.23334979,-1.0
symbel,1.0,489.71594,-0.23334979,-1.0
symle,1.0,489.71594,-0.23334979,-1.0
syndon,1.0,489.71594,-0.23334979,-1.0
sæcce,1.0,489.71594,-0.23334979,-1.0
sægde,1.0,489.71594,-0.23334979,-1.0
sæte,1.0,489.71594,-0.23334979,-1.0
sæton,1.0,489.71594,-0.23334979,-1.0
teah,1.0,489.71594,-0.23334979,-1.0
teran,1.0,489.71594,-0.23334979,-1.0
tid,1.0,489.71594,-0.23334979,-1.0
tide,1.0,489.71594,-0.23334979,-1.0
tilian,1.0,489.71594,-0.23334979,-1.0
tiðe,1.0,489.71594,-0.23334979,-1.0
tobredon,1.0,489.71594,-0.23334979,-1.0
togeanes,1.0,489.71594,-0.23334979,-1.0
tohtan,1.0,489.71594,-0.23334979,-1.0
torhtan,1.0,489.71594,-0.23334979,-1.0
torhtlic,1.0,489.71594,-0.23334979,-1.0
torn,1.0,489.71594,-0.23334979,-1.0
torne,1.0,489.71594,-0.23334979,-1.0
toðon,1.0,489.71594,-0.23334979,-1.0
trumne,1.0,489.71594,-0.23334979,-1.0
træf,1.0,489.71594,-0.23334979,-1.0
ufan,1.0,489.71594,-0.23334979,-1.0
unlyfigendes,1.0,489.71594,-0.23334979,-1.0
unlyfigendum,1.0,489.71594,-0.23334979,-1.0
unlædan,1.0,489.71594,-0.23334979,-1.0
unrote,1.0,489.71594,-0.23334979,-1.0
unsofte,1.0,489.71594,-0.23334979,-1.0
unswæslicne,1.0,489.71594,-0.23334979,-1.0
unsyfra,1.0,489.71594,-0.23334979,-1.0
urigfeðera,1.0,489.71594,-0.23334979,-1.0
urnon,1.0,489.71594,-0.23334979,-1.0
ute,1.0,489.71594,-0.23334979,-1.0
wagon,1.0,489.71594,-0.23334979,-1.0
walde,1.0,489.71594,-0.23334979,-1.0
wand,1.0,489.71594,-0.23334979,-1.0
wanna,1.0,489.71594,-0.23334979,-1.0
weagesiðas,1.0,489.71594,-0.23334979,-1.0
wealgate,1.0,489.71594,-0.23334979,-1.0
weall,1.0,489.71594,-0.23334979,-1.0
weallas,1.0,489.71594,-0.23334979,-1.0
wealles,1.0,489.71594,-0.23334979,-1.0
wearde,1.0,489.71594,-0.23334979,-1.0
wende,1.0,489.71594,-0.23334979,-1.0
weorðmynde,1.0,489.71594,-0.23334979,-1.0
werod,1.0,489.71594,-0.23334979,-1.0
weroda,1.0,489.71594,-0.23334979,-1.0
widan,1.0,489.71594,-0.23334979,-1.0
wide,1.0,489.71594,-0.23334979,-1.0
widle,1.0,489.71594,-0.23334979,-1.0
wigena,1.0,489.71594,-0.23334979,-1.0
wiggendum,1.0,489.71594,-0.23334979,-1.0
wiht,1.0,489.71594,-0.23334979,-1.0
willan,1.0,489.71594,-0.23334979,-1.0
wind,1.0,489.71594,-0.23334979,-1.0
winedryhten,1.0,489.71594,-0.23334979,-1.0
wingedrince,1.0,489.71594,-0.23334979,-1.0
winhatan,1.0,489.71594,-0.23334979,-1.0
winsade,1.0,489.71594,-0.23334979,-1.0
wistan,1.0,489.71594,-0.23334979,-1.0
witum,1.0,489.71594,-0.23334979,-1.0
wiðertrod,1.0,489.71594,-0.23334979,-1.0
wlanc,1.0,489.71594,-0.23334979,-1.0
wlance,1.0,489.71594,-0.23334979,-1.0
wlitan,1.0,489.71594,-0.23334979,-1.0
wolcna,1.0,489.71594,-0.23334979,-1.0
womfull,1.0,489.71594,-0.23334979,-1.0
womme,1.0,489.71594,-0.23334979,-1.0
wordum,1.0,489.71594,-0.23334979,-1.0
worhte,1.0,489.71594,-0.23334979,-1.0
worhton,1.0,489.71594,-0.23334979,-1.0
wornum,1.0,489.71594,-0.23334979,-1.0
woruld,1.0,489.71594,-0.23334979,-1.0
woruldbuendra,1.0,489.71594,-0.23334979,-1.0
worulde,1.0,489.71594,-0.23334979,-1.0
wuldorblæd,1.0,489.71594,-0.23334979,-1.0
wuldre,1.0,489.71594,-0.23334979,-1.0
wuldres,1.0,489.71594,-0.23334979,-1.0
wulf,1.0,489.71594,-0.23334979,-1.0
wulfum,1.0,489.71594,-0.23334979,-1.0
wundrum,1.0,489.71594,-0.23334979,-1.0
wunian,1.0,489.71594,-0.23334979,-1.0
wunode,1.0,489.71594,-0.23334979,-1.0
wurdon,1.0,489.71594,-0.23334979,-1.0
wurpon,1.0,489.71594,-0.23334979,-1.0
wyrcean,1.0,489.71594,-0.23334979,-1.0
wyrmsele,1.0,489.71594,-0.23334979,-1.0
wyrmum,1.0,489.71594,-0.23334979,-1.0
wæccende,1.0,489.71594,-0.23334979,-1.0
wælgifre,1.0,489.71594,-0.23334979,-1.0
wælgifrum,1.0,489.71594,-0.23334979,-1.0
wælscel,1.0,489.71594,-0.23334979,-1.0
wæpen,1.0,489.71594,-0.23334979,-1.0
wærlogan,1.0,489.71594,-0.23334979,-1.0
ycan,1.0,489.71594,-0.23334979,-1.0
york,1.0,489.71594,-0.23334979,-1.0
yrre,1.0,489.71594,-0.23334979,-1.0
æfre,1.0,489.71594,-0.23334979,-1.0
æfðoncan,1.0,489.71594,-0.23334979,-1.0
æghwylcne,1.0,489.71594,-0.23334979,-1.0
æghwylcum,1.0,489.71594,-0.23334979,-1.0
ælfscinu,1.0,489.71594,-0.23334979,-1.0
ælmihtig,1.0,489.71594,-0.23334979,-1.0
ænig,1.0,489.71594,-0.23334979,-1.0
ærest,1.0,489.71594,-0.23334979,-1.0
ærðon,1.0,489.71594,-0.23334979,-1.0
æscplegan,1.0,489.71594,-0.23334979,-1.0
æscrofe,1.0,489.71594,-0.23334979,-1.0
ætes,1.0,489.71594,-0.23334979,-1.0
ætsomne,1.0,489.71594,-0.23334979,-1.0
ætywan,1.0,489.71594,-0.23334979,-1.0
ðar,1.0,489.71594,-0.23334979,-1.0
ðeah,1.0,489.71594,-0.23334979,-1.0
ðearf,1.0,489.71594,-0.23334979,-1.0
ðeawum,1.0,489.71594,-0.23334979,-1.0
ðegnas,1.0,489.71594,-0.23334979,-1.0
ðeoden,1.0,489.71594,-0.23334979,-1.0
ðeodguman,1.0,489.71594,-0.23334979,-1.0
ðinenne,1.0,489.71594,-0.23334979,-1.0
ðinges,1.0,489.71594,-0.23334979,-1.0
ðonan,1.0,489.71594,-0.23334979,-1.0
ðreate,1.0,489.71594,-0.23334979,-1.0
ðreatum,1.0,489.71594,-0.23334979,-1.0
ðrym,1.0,489.71594,-0.23334979,-1.0
ðrymmum,1.0,489.71594,-0.23334979,-1.0
ðrynesse,1.0,489.71594,-0.23334979,-1.0
ðurh,1.0,489.71594,-0.23334979,-1.0
ðys,1.0,489.71594,-0.23334979,-1.0
ðysse,1.0,489.71594,-0.23334979,-1.0
þancolmode,1.0,489.71594,-0.23334979,-1.0
þanonne,1.0,489.71594,-0.23334979,-1.0
þeah,1.0,489.71594,-0.23334979,-1.0
þearfendre,1.0,489.71594,-0.23334979,-1.0
þegnas,1.0,489.71594,-0.23334979,-1.0
þegon,1.0,489.71594,-0.23334979,-1.0
þenden,1.0,489.71594,-0.23334979,-1.0
þeoden,1.0,489.71594,-0.23334979,-1.0
þeodguman,1.0,489.71594,-0.23334979,-1.0
þeowen,1.0,489.71594,-0.23334979,-1.0
þing,1.0,489.71594,-0.23334979,-1.0
þohte,1.0,489.71594,-0.23334979,-1.0
þohton,1.0,489.71594,-0.23334979,-1.0
þoledon,1.0,489.71594,-0.23334979,-1.0
þoligende,1.0,489.71594,-0.23334979,-1.0
þon,1.0,489.71594,-0.23334979,-1.0
þoncwyrðe,1.0,489.71594,-0.23334979,-1.0
þonne,1.0,489.71594,-0.23334979,-1.0
þrage,1.0,489.71594,-0.23334979,-1.0
þringan,1.0,489.71594,-0.23334979,-1.0
þrungon,1.0,489.71594,-0.23334979,-1.0
þrymful,1.0,489.71594,-0.23334979,-1.0
þrymlic,1.0,489.71594,-0.23334979,-1.0
þrymme,1.0,489.71594,-0.23334979,-1.0
þrymmes,1.0,489.71594,-0.23334979,-1.0
þus,1.0,489.71594,-0.23334979,-1.0
þusendmælum,1.0,489.71594,-0.23334979,-1.0
þy,1.0,489.71594,-0.23334979,-1.0
þyder,1.0,489.71594,-0.23334979,-1.0
þyrfen,1.0,489.71594,-0.23334979,-1.0
þys,1.0,489.71594,-0.23334979,-1.0
þysne,1.0,489.71594,-0.23334979,-1.0
þyssa,1.0,489.71594,-0.23334979,-1.0
þystre,1.0,489.71594,-0.23334979,-1.0
þystrum,1.0,489.71594,-0.23334979,-1.0
,1857.0,,,
